Aaron,SMITH
Aaron,JOHNSON
Abbey,WILLIAMS
Abbie,BROWN
Abby,JONES
Abdul,MILLER
Abe,DAVIS
Abel,GARCIA
Abigail,RODRIGUEZ
Abraham,WILSON
Abram,MARTINEZ
Ada,ANDERSON
Adah,TAYLOR
Adalberto,THOMAS
Adaline,HERNANDEZ
Adam,MOORE
Adam,MARTIN
Adan,JACKSON
Addie,THOMPSON
Adela,WHITE
Adelaida,LOPEZ
Adelaide,LEE
Adele,GONZALEZ
Adelia,HARRIS
Adelina,CLARK
Adeline,LEWIS
Adell,ROBINSON
Adella,WALKER
Adelle,PEREZ
Adena,HALL
Adina,YOUNG
Adolfo,ALLEN
Adolph,SANCHEZ
Adria,WRIGHT
Adrian,KING
Adrian,SCOTT
Adriana,GREEN
Adriane,BAKER
Adrianna,ADAMS
Adrianne,NELSON
Adrien,HILL
Adriene,RAMIREZ
Adrienne,CAMPBELL
Afton,MITCHELL
Agatha,ROBERTS
Agnes,CARTER
Agnus,PHILLIPS
Agripina,EVANS
Agueda,TURNER
